,Days to Due,Days to Due,Days to Due,Average Resolution Time (Ac),Average Resolution Time (Ac),Average Resolution Time (Ac),Application SLA Compliance Rate,Application SLA Compliance Rate,Application SLA Compliance Rate,Resolution Duration,Resolution Duration,Resolution Duration,SLA Threshold,SLA Threshold,SLA Threshold,Is SLA Violated,Is SLA Violated,Is SLA Violated
,mean,median,std,mean,median,std,mean,median,std,mean,median,std,mean,median,std,mean,median,std
Cluster,,,,,,,,,,,,,,,,,,
0,0.14451575107181844,0.1489361702127659,0.013661920427770952,5.486937209880857,5.255530071355759,0.4913693077418412,0.39947692345731173,0.3838509316770186,0.0617043105439391,0.04111978033523247,0.0411309930337385,0.02433038500119045,4.98916237889955,5.0,0.14940063557038905,0.6068975107773605,1.0,0.4884460642629011
1,0.13467776086434022,0.1489361702127659,0.0304138148567173,6.1701713115540935,5.875479478509738,0.9547341693073836,0.21640358045125013,0.2285714285714285,0.06843976955225667,0.05759690468715082,0.048037153394345,0.044944893210480875,4.848655190962884,5.0,0.5303017511433067,0.7970952124798278,1.0,0.40218383451863393
2,0.09921500218054947,0.1276595744680851,0.040928758310269486,5.5274077809407,5.875479478509738,0.680683507468588,0.42746095438246523,0.3882956878850102,0.13096963540864945,0.04068262011205893,0.037350088785685,0.029793983125285695,4.461186218927169,5.0,0.8937979868038536,0.495202791103358,0.0,0.5000315064019528
