,precision,recall,f1-score,support
0,0.8656307129798904,0.8557965401497547,0.8606855362243573,7746.0
1,0.5164502164502165,0.536903690369037,0.5264783759929391,2222.0
accuracy,0.7847110754414125,0.7847110754414125,0.7847110754414125,0.7847110754414125
macro avg,0.6910404647150534,0.6963501152593958,0.6935819561086483,9968.0
weighted avg,0.7877937283000213,0.7847110754414125,0.786186307689625,9968.0
